{
  "camera_position": [
    0.1,
    0.95,
    0.25
  ],
  "camera_orientation": [
    0.37759006531653155,
    -0.9125093245149513,
    0.15732919388188815
  ],
  "body_position": [
    0.25,
    0.75,
    0.0
  ]
}