{
  "camera_position": [
    0.0,
    0.02,
    -0.02
  ],
  "camera_orientation": [
    0.2672612419124244,
    -0.8017837257372731,
    0.5345224838248488
  ]
}